"g502-hero-gaming-mouse","G502 HERO High Performance Gaming Mouse - Black","Black","79.99","BUY NOW","COLOUR-FRONTEND","STYLE-FRONTEND","LANGUAGE-FRONTEND","PRICE-FRONTEND","STATUS-FRONTEND"
"g305-lightspeed-wireless-gaming-mouse","G305 LIGHTSPEED Wireless Gaming Mouse - Black","Black","59.99","BUY NOW","","","","",""
"g305-lightspeed-wireless-gaming-mouse","G305 LIGHTSPEED Wireless Gaming Mouse - White","White","59.99","BUY NOW","","","","",""
"g512-mechanical-gaming-keyboard","G512 Carbon RGB Mechanical Gaming Keyboard - Carbon English layout Linear","Carbon English layout Linear","99.99","BUY NOW","","","","",""
"g512-mechanical-gaming-keyboard","G512 Carbon RGB Mechanical Gaming Keyboard - Carbon English layout Tactile","Carbon English layout Tactile","99.99","BUY NOW","","","","",""
"g512-mechanical-gaming-keyboard","G512 Carbon RGB Mechanical Gaming Keyboard - Carbon English layout GX Blue Switch","Carbon English layout GX Blue Switch","99.99","BUY NOW","","","","",""
"","","","","","","","","",""
"","","","","","","","","",""
"","","","","","","","","",""
"","","","","","","","","",""
"","","","","","","","","",""
"","","","","","","","","",""
"","","","","","","","","",""
"","","","","","","","","",""
"","","","","","","","","",""
"","","","","","","","","",""
"","","","","","","","","",""
"","","","","","","","","",""
"","","","","","","","","",""
"","","","","","","","","",""
"","","","","","","","","",""
"","","","","","","","","",""
"","","","","","","","","",""
"","","","","","","","","",""
"","","","","","","","","",""
"","","","","","","","","",""
"","","","","","","","","",""
"","","","","","","","","",""
"","","","","","","","","",""
"","","","","","","","","",""
"","","","","","","","","",""
"","","","","","","","","",""
